{
  "n_contracts": 283,
  "yes_rate": 0.24381625441696114,
  "majority_baseline_acc": 0.7561837455830389,
  "cutoff_days": 7,
  "sets": {
    "social/logreg": {
      "accuracy": 0.6127659574468086,
      "macro_f1": 0.5207791791438767,
      "auc_roc": 0.5530942775834417,
      "acc_std": 0.02822659396047146
    },
    "social/gboost": {
      "accuracy": 0.6936170212765957,
      "macro_f1": 0.5137581195475933,
      "auc_roc": 0.5629023539240257,
      "acc_std": 0.0496251225093217
    },
    "price/logreg": {
      "accuracy": 0.9106382978723404,
      "macro_f1": 0.8922055582299337,
      "auc_roc": 0.966439628482972,
      "acc_std": 0.0691407523798805
    },
    "price/gboost": {
      "accuracy": 0.851063829787234,
      "macro_f1": 0.8046130954020697,
      "auc_roc": 0.91994326279156,
      "acc_std": 0.07246547389755914
    },
    "combined/logreg": {
      "accuracy": 0.9234042553191489,
      "macro_f1": 0.9045922333300813,
      "auc_roc": 0.9419049852795984,
      "acc_std": 0.04776583898009287
    },
    "combined/gboost": {
      "accuracy": 0.8595744680851063,
      "macro_f1": 0.807174684062824,
      "auc_roc": 0.9250189645236084,
      "acc_std": 0.039462206363811515
    },
    "linguistic/tfidf-logreg": {
      "accuracy": 0.6,
      "macro_f1": 0.5226170091614085,
      "auc_roc": 0.6416672697787249,
      "acc_std": 0.09925024501864341
    }
  }
}