{
  "n_contracts": 210,
  "yes_rate": 0.2523809523809524,
  "majority_baseline_acc": 0.7476190476190476,
  "cutoff_days": 7,
  "sets": {
    "social/logreg": {
      "accuracy": 0.6685714285714286,
      "macro_f1": 0.5815176717803446,
      "auc_roc": 0.6027729528535979,
      "acc_std": 0.12067835475395929
    },
    "social/gboost": {
      "accuracy": 0.7257142857142858,
      "macro_f1": 0.5110053043900754,
      "auc_roc": 0.5586267764493572,
      "acc_std": 0.10932072268405138
    },
    "price/logreg": {
      "accuracy": 0.9085714285714286,
      "macro_f1": 0.8925698532847397,
      "auc_roc": 0.9798508158508159,
      "acc_std": 0.09797958971132711
    },
    "price/gboost": {
      "accuracy": 0.8571428571428573,
      "macro_f1": 0.741364776059837,
      "auc_roc": 0.8463988938182487,
      "acc_std": 0.07450517034517311
    },
    "combined/logreg": {
      "accuracy": 0.9085714285714286,
      "macro_f1": 0.8684646275692701,
      "auc_roc": 0.9530571304442272,
      "acc_std": 0.05827450872677467
    },
    "combined/gboost": {
      "accuracy": 0.8742857142857142,
      "macro_f1": 0.7557602830663293,
      "auc_roc": 0.8502278450342967,
      "acc_std": 0.06154474065296574
    },
    "linguistic/tfidf-logreg": {
      "accuracy": 0.6742857142857144,
      "macro_f1": 0.5670763345964422,
      "auc_roc": 0.7050382422237261,
      "acc_std": 0.12335447511384519
    }
  }
}